#,DESCRIPTION,CURRENCY,AMOUNT,BALANCE,DATE,WALLET
4332484731,Trading fees for 30.21 IOT (IOTUSD) @ 2.21 on BFX (0.1%) on wallet exchange,IOT,-0.03021,334.908204,09-05-21 11:57:58,exchange
4332484717,Exchange 30.21 IOT for USD @ 2.21 on wallet exchange,USD,-66.7641,0.00475726,09-05-21 11:57:57,exchange
4332484715,Exchange 30.21 IOT for USD @ 2.21 on wallet exchange,IOT,30.21,334.938414,09-05-21 11:57:57,exchange
4329409003,Exchange 0.2 LTC for USD @ 346.8 on wallet exchange,USD,-69.36,66.76885726,09-05-21 02:50:04,exchange
4329409008,Trading fees for 0.2 LTC (LTCUSD) @ 346.8 on BFX (0.1%) on wallet exchange,LTC,-0.0002,6.01996137,09-05-21 02:50:04,exchange
4329409004,Exchange 0.2 LTC for USD @ 346.8 on wallet exchange,LTC,0.2,6.02016137,09-05-21 02:50:04,exchange
4329376511,Trading fees for 12.64 EOS (EOSUSD) @ 10.78 on BFX (0.1%) on wallet exchange,USD,-0.1362592,136.12885726,09-05-21 02:42:06,exchange
4329376503,Exchange 12.64 EOS for USD @ 10.78 on wallet exchange,USD,136.2592,136.26511646,09-05-21 02:42:06,exchange
4329376505,Exchange 12.64 EOS for USD @ 10.78 on wallet exchange,EOS,-12.64,40.008396,09-05-21 02:42:06,exchange
4329295329,Transfer of 0.00003717 BTC from wallet Exchange to Trading on wallet margin,BTC,0.00003717,0.00003717,09-05-21 02:21:48,margin
4329295328,Transfer of 0.00003717 BTC from wallet Exchange to Trading on wallet exchange,BTC,-0.00003717,0,09-05-21 02:21:48,exchange
